"date_id","year","month","date","monthname"
0,0,0,0,"None"
1,2008,12,10,"December"
2,2008,12,12,"December"
3,2008,12,19,"December"
4,2008,12,22,"December"
5,2008,12,24,"December"
6,2008,12,28,"December"
7,2008,12,30,"December"
8,2008,12,31,"December"
9,2009,1,1,"January"
10,2009,1,2,"January"
11,2009,1,3,"January"
12,2009,1,4,"January"
13,2009,1,8,"January"
14,2009,1,14,"January"
15,2009,1,15,"January"
16,2009,1,17,"January"
17,2009,2,5,"February"
18,2009,2,8,"February"
19,2009,2,10,"February"
20,2009,2,17,"February"
21,2009,2,18,"February"
22,2009,2,25,"February"
23,2009,2,26,"February"
24,2009,2,28,"February"
25,2009,3,2,"March"
26,2009,3,4,"March"
27,2009,3,7,"March"
28,2009,3,10,"March"
29,2009,3,11,"March"
30,2009,3,12,"March"
31,2009,3,14,"March"
32,2009,3,15,"March"
33,2009,3,17,"March"
34,2009,3,18,"March"
35,2009,3,21,"March"
36,2009,3,24,"March"
37,2009,3,27,"March"
38,2009,3,29,"March"
39,2009,3,30,"March"
40,2009,3,31,"March"
41,2009,4,3,"April"
42,2009,4,4,"April"
43,2009,4,5,"April"
44,2009,4,7,"April"
45,2009,4,8,"April"
46,2009,4,9,"April"
47,2009,4,11,"April"
48,2009,4,12,"April"
49,2009,4,15,"April"
50,2009,4,17,"April"
51,2009,4,24,"April"
52,2009,4,25,"April"
53,2009,4,26,"April"
54,2009,4,27,"April"
55,2009,4,28,"April"
56,2009,4,29,"April"
57,2009,4,30,"April"
58,2009,5,1,"May"
59,2009,5,2,"May"
60,2009,5,3,"May"
61,2009,5,4,"May"
62,2009,5,5,"May"
63,2009,5,6,"May"
64,2009,5,7,"May"
65,2009,5,9,"May"
66,2009,5,11,"May"
67,2009,5,13,"May"
68,2009,5,14,"May"
69,2009,5,15,"May"
70,2009,5,17,"May"
71,2009,5,18,"May"
72,2009,5,19,"May"
73,2009,5,21,"May"
74,2009,5,23,"May"
75,2009,5,26,"May"
76,2009,5,27,"May"
77,2009,5,28,"May"
78,2009,5,30,"May"
79,2009,5,31,"May"
80,2009,6,1,"June"
81,2009,6,2,"June"
82,2009,6,3,"June"
83,2009,6,4,"June"
84,2009,6,6,"June"
85,2009,6,7,"June"
86,2009,6,8,"June"
87,2009,6,9,"June"
88,2009,6,11,"June"
89,2009,6,13,"June"
90,2009,6,14,"June"
91,2009,6,15,"June"
92,2009,6,17,"June"
93,2009,6,18,"June"
94,2009,6,19,"June"
95,2009,6,20,"June"
96,2009,6,21,"June"
97,2009,6,22,"June"
98,2009,6,24,"June"
99,2009,6,26,"June"
100,2009,6,27,"June"
101,2009,6,28,"June"
102,2009,6,30,"June"
103,2009,7,2,"July"
104,2009,7,3,"July"
105,2009,7,5,"July"
106,2009,7,6,"July"
107,2009,7,7,"July"
108,2009,7,8,"July"
109,2009,7,9,"July"
110,2009,7,10,"July"
111,2009,7,11,"July"
112,2009,7,12,"July"
113,2009,7,14,"July"
114,2009,7,17,"July"
115,2009,7,18,"July"
116,2009,7,20,"July"
117,2009,7,21,"July"
118,2009,7,25,"July"
119,2009,7,26,"July"
120,2009,7,27,"July"
121,2009,7,28,"July"
122,2009,7,30,"July"
123,2009,7,31,"July"
124,2009,8,2,"August"
125,2009,8,3,"August"
126,2009,8,4,"August"
127,2009,8,5,"August"
128,2009,8,6,"August"
129,2009,8,7,"August"
130,2009,8,8,"August"
131,2009,8,9,"August"
132,2009,8,10,"August"
133,2009,8,11,"August"
134,2009,8,12,"August"
135,2009,8,13,"August"
136,2009,8,14,"August"
137,2009,8,16,"August"
138,2009,8,17,"August"
139,2009,8,18,"August"
140,2009,8,19,"August"
141,2009,8,20,"August"
142,2009,8,21,"August"
143,2009,8,22,"August"
144,2009,8,23,"August"
145,2009,8,24,"August"
146,2009,8,25,"August"
147,2009,8,26,"August"
148,2009,8,27,"August"
149,2009,8,28,"August"
150,2009,8,30,"August"
151,2009,8,31,"August"
152,2009,9,1,"September"
153,2009,9,2,"September"
154,2009,9,4,"September"
155,2009,9,5,"September"
156,2009,9,6,"September"
157,2009,9,7,"September"
158,2009,9,8,"September"
159,2009,9,9,"September"
160,2009,9,10,"September"
161,2009,9,11,"September"
162,2009,9,12,"September"
163,2009,9,13,"September"
164,2009,9,14,"September"
165,2009,9,16,"September"
166,2009,9,20,"September"
167,2009,9,21,"September"
168,2009,9,22,"September"
169,2009,9,23,"September"
170,2009,9,24,"September"
171,2009,9,25,"September"
172,2009,9,26,"September"
173,2009,9,27,"September"
174,2009,9,28,"September"
175,2009,9,29,"September"
176,2009,9,30,"September"
177,2009,10,1,"October"
178,2009,10,2,"October"
179,2009,10,5,"October"
180,2009,10,8,"October"
181,2009,10,9,"October"
182,2009,10,10,"October"
183,2009,10,13,"October"
184,2009,10,14,"October"
185,2009,10,15,"October"
186,2009,10,17,"October"
187,2009,10,18,"October"
188,2009,10,19,"October"
189,2009,10,20,"October"
190,2009,10,21,"October"
191,2009,10,22,"October"
192,2009,10,23,"October"
193,2009,10,24,"October"
194,2009,10,25,"October"
195,2009,10,26,"October"
196,2009,10,29,"October"
197,2009,10,31,"October"
198,2009,11,1,"November"
199,2009,11,3,"November"
200,2009,11,4,"November"
201,2009,11,5,"November"
202,2009,11,6,"November"
203,2009,11,7,"November"
204,2009,11,8,"November"
205,2009,11,9,"November"
206,2009,11,12,"November"
207,2009,11,14,"November"
208,2009,11,15,"November"
209,2009,11,16,"November"
210,2009,11,17,"November"
211,2009,11,19,"November"
212,2009,11,21,"November"
213,2009,11,22,"November"
214,2009,11,23,"November"
215,2009,11,24,"November"
216,2009,11,25,"November"
217,2009,11,27,"November"
218,2009,11,29,"November"
219,2009,11,30,"November"
220,2009,12,1,"December"
221,2009,12,3,"December"
222,2009,12,4,"December"
223,2009,12,5,"December"
224,2009,12,6,"December"
225,2009,12,7,"December"
226,2009,12,8,"December"
227,2009,12,9,"December"
228,2009,12,10,"December"
229,2009,12,11,"December"
230,2009,12,13,"December"
231,2009,12,14,"December"
232,2009,12,15,"December"
233,2009,12,16,"December"
234,2009,12,18,"December"
235,2009,12,19,"December"
236,2009,12,20,"December"
237,2009,12,21,"December"
238,2009,12,22,"December"
239,2009,12,23,"December"
240,2009,12,25,"December"
241,2009,12,26,"December"
242,2009,12,28,"December"
243,2009,12,29,"December"
244,2009,12,30,"December"
245,2009,12,31,"December"
246,2010,1,1,"January"
247,2010,1,2,"January"
248,2010,1,3,"January"
249,2010,1,4,"January"
250,2010,1,5,"January"
251,2010,1,6,"January"
252,2010,1,7,"January"
253,2010,1,8,"January"
254,2010,1,9,"January"
255,2010,1,10,"January"
256,2010,1,12,"January"
257,2010,1,15,"January"
258,2010,1,17,"January"
259,2010,1,18,"January"
260,2010,1,19,"January"
261,2010,1,20,"January"
262,2010,1,21,"January"
263,2010,1,22,"January"
264,2010,1,24,"January"
265,2010,1,25,"January"
266,2010,1,27,"January"
267,2010,1,29,"January"
268,2010,1,30,"January"
269,2010,1,31,"January"
270,2010,2,2,"February"
271,2010,2,3,"February"
272,2010,2,4,"February"
273,2010,2,5,"February"
274,2010,2,6,"February"
275,2010,2,7,"February"
276,2010,2,8,"February"
277,2010,2,10,"February"
278,2010,2,11,"February"
279,2010,2,12,"February"
280,2010,2,13,"February"
281,2010,2,16,"February"
282,2010,2,17,"February"
283,2010,2,18,"February"
284,2010,2,22,"February"
285,2010,2,23,"February"
286,2010,2,24,"February"
287,2010,2,25,"February"
288,2010,2,26,"February"
289,2010,2,27,"February"
290,2010,2,28,"February"
291,2010,3,4,"March"
292,2010,3,6,"March"
293,2010,3,7,"March"
294,2010,3,8,"March"
295,2010,3,9,"March"
296,2010,3,10,"March"
297,2010,3,12,"March"
298,2010,3,13,"March"
299,2010,3,15,"March"
300,2010,3,16,"March"
301,2010,3,17,"March"
302,2010,3,18,"March"
303,2010,3,19,"March"
304,2010,3,20,"March"
305,2010,3,21,"March"
306,2010,3,22,"March"
307,2010,3,25,"March"
308,2010,3,26,"March"
309,2010,3,27,"March"
310,2010,3,28,"March"
311,2010,3,30,"March"
312,2010,3,31,"March"
313,2010,4,1,"April"
314,2010,4,3,"April"
315,2010,4,4,"April"
316,2010,4,7,"April"
317,2010,4,9,"April"
318,2010,4,10,"April"
319,2010,4,11,"April"
320,2010,4,12,"April"
321,2010,4,14,"April"
322,2010,4,16,"April"
323,2010,4,17,"April"
324,2010,4,18,"April"
325,2010,4,19,"April"
326,2010,4,22,"April"
327,2010,4,23,"April"
328,2010,4,24,"April"
329,2010,4,25,"April"
330,2010,4,27,"April"
331,2010,4,30,"April"
332,2010,5,1,"May"
333,2010,5,3,"May"
334,2010,5,4,"May"
335,2010,5,5,"May"
336,2010,5,6,"May"
337,2010,5,7,"May"
338,2010,5,8,"May"
339,2010,5,9,"May"
340,2010,5,10,"May"
341,2010,5,14,"May"
342,2010,5,15,"May"
343,2010,5,16,"May"
344,2010,5,17,"May"
345,2010,5,18,"May"
346,2010,5,19,"May"
347,2010,5,21,"May"
348,2010,5,22,"May"
349,2010,5,25,"May"
350,2010,5,26,"May"
351,2010,5,27,"May"
352,2010,5,30,"May"
353,2010,5,31,"May"
354,2010,6,2,"June"
355,2010,6,3,"June"
356,2010,6,4,"June"
357,2010,6,5,"June"
358,2010,6,6,"June"
359,2010,6,9,"June"
360,2010,6,10,"June"
361,2010,6,12,"June"
362,2010,6,13,"June"
363,2010,6,14,"June"
364,2010,6,17,"June"
365,2010,6,19,"June"
366,2010,6,21,"June"
367,2010,6,22,"June"
368,2010,6,23,"June"
369,2010,6,26,"June"
370,2010,6,27,"June"
371,2010,6,28,"June"
372,2010,6,30,"June"
373,2010,7,1,"July"
374,2010,7,2,"July"
375,2010,7,6,"July"
376,2010,7,7,"July"
377,2010,7,9,"July"
378,2010,7,11,"July"
379,2010,7,12,"July"
380,2010,7,13,"July"
381,2010,7,14,"July"
382,2010,7,15,"July"
383,2010,7,16,"July"
384,2010,7,17,"July"
385,2010,7,18,"July"
386,2010,7,20,"July"
387,2010,7,21,"July"
388,2010,7,23,"July"
389,2010,7,24,"July"
390,2010,7,25,"July"
391,2010,7,26,"July"
392,2010,7,27,"July"
393,2010,7,28,"July"
394,2010,7,29,"July"
395,2010,7,30,"July"
396,2010,7,31,"July"
397,2010,8,1,"August"
398,2010,8,2,"August"
399,2010,8,3,"August"
400,2010,8,5,"August"
401,2010,8,6,"August"
402,2010,8,7,"August"
403,2010,8,8,"August"
404,2010,8,9,"August"
405,2010,8,10,"August"
406,2010,8,11,"August"
407,2010,8,12,"August"
408,2010,8,13,"August"
409,2010,8,14,"August"
410,2010,8,15,"August"
411,2010,8,16,"August"
412,2010,8,17,"August"
413,2010,8,18,"August"
414,2010,8,21,"August"
415,2010,8,22,"August"
416,2010,8,23,"August"
417,2010,8,25,"August"
418,2010,8,26,"August"
419,2010,8,27,"August"
420,2010,8,28,"August"
421,2010,8,29,"August"
422,2010,8,30,"August"
423,2010,8,31,"August"
424,2010,9,3,"September"
425,2010,9,4,"September"
426,2010,9,6,"September"
427,2010,9,7,"September"
428,2010,9,10,"September"
429,2010,9,12,"September"
430,2010,9,14,"September"
431,2010,9,15,"September"
432,2010,9,16,"September"
433,2010,9,18,"September"
434,2010,9,19,"September"
435,2010,9,21,"September"
436,2010,9,22,"September"
437,2010,9,24,"September"
438,2010,9,25,"September"
439,2010,9,26,"September"
440,2010,9,27,"September"
441,2010,9,28,"September"
442,2010,9,29,"September"
443,2010,10,1,"October"
444,2010,10,3,"October"
445,2010,10,4,"October"
446,2010,10,5,"October"
447,2010,10,6,"October"
448,2010,10,9,"October"
449,2010,10,10,"October"
450,2010,10,11,"October"
451,2010,10,13,"October"
452,2010,10,15,"October"
453,2010,10,16,"October"
454,2010,10,17,"October"
455,2010,10,19,"October"
456,2010,10,20,"October"
457,2010,10,21,"October"
458,2010,10,24,"October"
459,2010,10,25,"October"
460,2010,10,26,"October"
461,2010,10,27,"October"
462,2010,10,28,"October"
463,2010,10,30,"October"
464,2010,10,31,"October"
465,2010,11,2,"November"
466,2010,11,4,"November"
467,2010,11,5,"November"
468,2010,11,6,"November"
469,2010,11,7,"November"
470,2010,11,9,"November"
471,2010,11,10,"November"
472,2010,11,11,"November"
473,2010,11,13,"November"
474,2010,11,14,"November"
475,2010,11,15,"November"
476,2010,11,16,"November"
477,2010,11,17,"November"
478,2010,11,19,"November"
479,2010,11,23,"November"
480,2010,11,26,"November"
481,2010,11,28,"November"
482,2010,12,4,"December"
483,2010,12,5,"December"
484,2010,12,6,"December"
485,2010,12,8,"December"
486,2010,12,9,"December"
487,2010,12,11,"December"
488,2010,12,12,"December"
489,2010,12,13,"December"
490,2010,12,14,"December"
491,2010,12,18,"December"
492,2010,12,19,"December"
493,2010,12,22,"December"
494,2010,12,23,"December"
495,2010,12,26,"December"
496,2010,12,28,"December"
497,2010,12,29,"December"
498,2011,1,2,"January"
499,2011,1,6,"January"
500,2011,1,9,"January"
501,2011,1,11,"January"
502,2011,1,12,"January"
503,2011,1,13,"January"
504,2011,1,15,"January"
505,2011,1,18,"January"
506,2011,1,21,"January"
507,2011,1,22,"January"
508,2011,1,24,"January"
509,2011,1,28,"January"
510,2011,1,30,"January"
511,2011,1,31,"January"
512,2011,2,1,"February"
513,2011,2,3,"February"
514,2011,2,4,"February"
515,2011,2,5,"February"
516,2011,2,6,"February"
517,2011,2,8,"February"
518,2011,2,9,"February"
519,2011,2,10,"February"
520,2011,2,14,"February"
521,2011,2,15,"February"
522,2011,2,16,"February"
523,2011,2,17,"February"
524,2011,2,18,"February"
525,2011,2,19,"February"
526,2011,2,21,"February"
527,2011,2,22,"February"
528,2011,2,23,"February"
529,2011,2,25,"February"
530,2011,2,27,"February"
531,2011,2,28,"February"
532,2011,3,2,"March"
533,2011,3,4,"March"
534,2011,3,6,"March"
535,2011,3,10,"March"
536,2011,3,11,"March"
537,2011,3,12,"March"
538,2011,3,13,"March"
539,2011,3,14,"March"
540,2011,3,15,"March"
541,2011,3,16,"March"
542,2011,3,17,"March"
543,2011,3,19,"March"
544,2011,3,20,"March"
545,2011,3,22,"March"
546,2011,3,23,"March"
547,2011,3,24,"March"
548,2011,3,25,"March"
549,2011,3,27,"March"
550,2011,3,30,"March"
551,2011,3,31,"March"
552,2011,4,2,"April"
553,2011,4,3,"April"
554,2011,4,4,"April"
555,2011,4,5,"April"
556,2011,4,6,"April"
557,2011,4,7,"April"
558,2011,4,8,"April"
559,2011,4,9,"April"
560,2011,4,10,"April"
561,2011,4,12,"April"
562,2011,4,14,"April"
563,2011,4,15,"April"
564,2011,4,16,"April"
565,2011,4,17,"April"
566,2011,4,18,"April"
567,2011,4,20,"April"
568,2011,4,21,"April"
569,2011,4,22,"April"
570,2011,4,25,"April"
571,2011,4,26,"April"
572,2011,4,29,"April"
573,2011,5,1,"May"
574,2011,5,3,"May"
575,2011,5,4,"May"
576,2011,5,5,"May"
577,2011,5,6,"May"
578,2011,5,7,"May"
579,2011,5,8,"May"
580,2011,5,9,"May"
581,2011,5,11,"May"
582,2011,5,13,"May"
583,2011,5,14,"May"
584,2011,5,15,"May"
585,2011,5,16,"May"
586,2011,5,18,"May"
587,2011,5,20,"May"
588,2011,5,22,"May"
589,2011,5,24,"May"
590,2011,5,25,"May"
591,2011,5,26,"May"
592,2011,5,27,"May"
593,2011,5,31,"May"
594,2011,6,2,"June"
595,2011,6,3,"June"
596,2011,6,4,"June"
597,2011,6,6,"June"
598,2011,6,7,"June"
599,2011,6,8,"June"
600,2011,6,10,"June"
601,2011,6,11,"June"
602,2011,6,13,"June"
603,2011,6,14,"June"
604,2011,6,15,"June"
605,2011,6,16,"June"
606,2011,6,17,"June"
607,2011,6,18,"June"
608,2011,6,19,"June"
609,2011,6,20,"June"
610,2011,6,21,"June"
611,2011,6,23,"June"
612,2011,6,24,"June"
613,2011,6,26,"June"
614,2011,6,29,"June"
615,2011,6,30,"June"
616,2011,7,2,"July"
617,2011,7,4,"July"
618,2011,7,5,"July"
619,2011,7,8,"July"
620,2011,7,9,"July"
621,2011,7,10,"July"
622,2011,7,12,"July"
623,2011,7,13,"July"
624,2011,7,14,"July"
625,2011,7,15,"July"
626,2011,7,21,"July"
627,2011,7,22,"July"
628,2011,7,23,"July"
629,2011,7,24,"July"
630,2011,7,25,"July"
631,2011,7,27,"July"
632,2011,7,28,"July"
633,2011,7,29,"July"
634,2011,7,31,"July"
635,2011,8,3,"August"
636,2011,8,4,"August"
637,2011,8,5,"August"
638,2011,8,6,"August"
639,2011,8,8,"August"
640,2011,8,9,"August"
641,2011,8,10,"August"
642,2011,8,13,"August"
643,2011,8,14,"August"
644,2011,8,15,"August"
645,2011,8,17,"August"
646,2011,8,18,"August"
647,2011,8,19,"August"
648,2011,8,21,"August"
649,2011,8,23,"August"
650,2011,8,25,"August"
651,2011,8,26,"August"
652,2011,8,27,"August"
653,2011,8,28,"August"
654,2011,8,30,"August"
655,2011,8,31,"August"
656,2011,9,1,"September"
657,2011,9,2,"September"
658,2011,9,3,"September"
659,2011,9,4,"September"
660,2011,9,5,"September"
661,2011,9,6,"September"
662,2011,9,7,"September"
663,2011,9,9,"September"
664,2011,9,14,"September"
665,2011,9,15,"September"
666,2011,9,16,"September"
667,2011,9,19,"September"
668,2011,9,20,"September"
669,2011,9,21,"September"
670,2011,9,25,"September"
671,2011,9,27,"September"
672,2011,9,30,"September"
673,2011,10,1,"October"
674,2011,10,3,"October"
675,2011,10,5,"October"
676,2011,10,8,"October"
677,2011,10,9,"October"
678,2011,10,10,"October"
679,2011,10,11,"October"
680,2011,10,12,"October"
681,2011,10,13,"October"
682,2011,10,14,"October"
683,2011,10,15,"October"
684,2011,10,17,"October"
685,2011,10,18,"October"
686,2011,10,20,"October"
687,2011,10,23,"October"
688,2011,10,24,"October"
689,2011,10,25,"October"
690,2011,10,27,"October"
691,2011,10,30,"October"
692,2011,10,31,"October"
693,2011,11,1,"November"
694,2011,11,3,"November"
695,2011,11,4,"November"
696,2011,11,5,"November"
697,2011,11,6,"November"
698,2011,11,8,"November"
699,2011,11,9,"November"
700,2011,11,11,"November"
701,2011,11,13,"November"
702,2011,11,14,"November"
703,2011,11,15,"November"
704,2011,11,16,"November"
705,2011,11,17,"November"
706,2011,11,18,"November"
707,2011,11,19,"November"
708,2011,11,22,"November"
709,2011,11,23,"November"
710,2011,11,25,"November"
711,2011,11,27,"November"
712,2011,11,28,"November"
713,2011,11,29,"November"
714,2011,11,30,"November"
715,2011,12,1,"December"
716,2011,12,3,"December"
717,2011,12,4,"December"
718,2011,12,5,"December"
719,2011,12,7,"December"
720,2011,12,10,"December"
721,2011,12,15,"December"
722,2011,12,16,"December"
723,2011,12,19,"December"
724,2011,12,22,"December"
725,2011,12,23,"December"
726,2011,12,24,"December"
727,2011,12,26,"December"
728,2011,12,27,"December"
729,2011,12,28,"December"
730,2011,12,29,"December"
731,2011,12,30,"December"
732,2011,12,31,"December"
733,2012,1,2,"January"
734,2012,1,4,"January"
735,2012,1,5,"January"
736,2012,1,6,"January"
737,2012,1,7,"January"
738,2012,1,9,"January"
739,2012,1,10,"January"
740,2012,1,11,"January"
741,2012,1,12,"January"
742,2012,1,13,"January"
743,2012,1,14,"January"
744,2012,1,15,"January"
745,2012,1,16,"January"
746,2012,1,17,"January"
747,2012,1,18,"January"
748,2012,1,19,"January"
749,2012,1,21,"January"
750,2012,1,22,"January"
751,2012,1,23,"January"
752,2012,1,24,"January"
753,2012,1,25,"January"
754,2012,1,27,"January"
755,2012,1,29,"January"
756,2012,1,30,"January"
757,2012,1,31,"January"
758,2012,2,2,"February"
759,2012,2,3,"February"
760,2012,2,7,"February"
761,2012,2,8,"February"
762,2012,2,9,"February"
763,2012,2,10,"February"
764,2012,2,11,"February"
765,2012,2,13,"February"
766,2012,2,16,"February"
767,2012,2,17,"February"
768,2012,2,19,"February"
769,2012,2,20,"February"
770,2012,2,21,"February"
771,2012,2,24,"February"
772,2012,2,25,"February"
773,2012,2,26,"February"
774,2012,2,29,"February"
775,2012,3,1,"March"
776,2012,3,2,"March"
777,2012,3,4,"March"
778,2012,3,5,"March"
779,2012,3,6,"March"
780,2012,3,7,"March"
781,2012,3,8,"March"
782,2012,3,10,"March"
783,2012,3,11,"March"
784,2012,3,13,"March"
785,2012,3,14,"March"
786,2012,3,15,"March"
787,2012,3,16,"March"
788,2012,3,17,"March"
789,2012,3,18,"March"
790,2012,3,19,"March"
791,2012,3,20,"March"
792,2012,3,21,"March"
793,2012,3,24,"March"
794,2012,3,25,"March"
795,2012,3,26,"March"
796,2012,3,28,"March"
797,2012,3,30,"March"
798,2012,3,31,"March"
799,2012,4,3,"April"
800,2012,4,4,"April"
801,2012,4,6,"April"
802,2012,4,7,"April"
803,2012,4,8,"April"
804,2012,4,9,"April"
805,2012,4,10,"April"
806,2012,4,13,"April"
807,2012,4,14,"April"
808,2012,4,16,"April"
809,2012,4,17,"April"
810,2012,4,18,"April"
811,2012,4,19,"April"
812,2012,4,20,"April"
813,2012,4,24,"April"
814,2012,4,25,"April"
815,2012,4,27,"April"
816,2012,4,28,"April"
817,2012,4,30,"April"
818,2012,5,1,"May"
819,2012,5,3,"May"
820,2012,5,7,"May"
821,2012,5,8,"May"
822,2012,5,10,"May"
823,2012,5,11,"May"
824,2012,5,14,"May"
825,2012,5,15,"May"
826,2012,5,16,"May"
827,2012,5,17,"May"
828,2012,5,20,"May"
829,2012,5,21,"May"
830,2012,5,22,"May"
831,2012,5,24,"May"
832,2012,5,25,"May"
833,2012,5,26,"May"
834,2012,5,27,"May"
835,2012,5,29,"May"
836,2012,5,30,"May"
837,2012,6,1,"June"
838,2012,6,5,"June"
839,2012,6,7,"June"
840,2012,6,8,"June"
841,2012,6,9,"June"
842,2012,6,10,"June"
843,2012,6,11,"June"
844,2012,6,12,"June"
845,2012,6,13,"June"
846,2012,6,14,"June"
847,2012,6,15,"June"
848,2012,6,16,"June"
849,2012,6,17,"June"
850,2012,6,20,"June"
851,2012,6,21,"June"
852,2012,6,22,"June"
853,2012,6,24,"June"
854,2012,6,26,"June"
855,2012,6,27,"June"
856,2012,6,29,"June"
857,2012,7,1,"July"
858,2012,7,2,"July"
859,2012,7,3,"July"
860,2012,7,6,"July"
861,2012,7,7,"July"
862,2012,7,8,"July"
863,2012,7,11,"July"
864,2012,7,12,"July"
865,2012,7,13,"July"
866,2012,7,14,"July"
867,2012,7,16,"July"
868,2012,7,18,"July"
869,2012,7,19,"July"
870,2012,7,20,"July"
871,2012,7,21,"July"
872,2012,7,23,"July"
873,2012,7,27,"July"
874,2012,7,28,"July"
875,2012,7,30,"July"
876,2012,8,1,"August"
877,2012,8,5,"August"
878,2012,8,6,"August"
879,2012,8,7,"August"
880,2012,8,8,"August"
881,2012,8,9,"August"
882,2012,8,12,"August"
883,2012,8,13,"August"
884,2012,8,14,"August"
885,2012,8,15,"August"
886,2012,8,16,"August"
887,2012,8,17,"August"
888,2012,8,18,"August"
889,2012,8,19,"August"
890,2012,8,20,"August"
891,2012,8,23,"August"
892,2012,8,25,"August"
893,2012,8,28,"August"
894,2012,8,31,"August"
895,2012,9,1,"September"
896,2012,9,4,"September"
897,2012,9,9,"September"
898,2012,9,12,"September"
899,2012,9,13,"September"
900,2012,9,14,"September"
901,2012,9,16,"September"
902,2012,9,24,"September"
903,2012,9,25,"September"
904,2012,9,28,"September"
905,2012,10,3,"October"
906,2012,10,4,"October"
907,2012,10,6,"October"
908,2012,10,8,"October"
909,2012,10,9,"October"
910,2012,10,10,"October"
911,2012,10,15,"October"
912,2012,10,16,"October"
913,2012,10,17,"October"
914,2012,10,18,"October"
915,2012,10,19,"October"
916,2012,10,20,"October"
917,2012,10,22,"October"
918,2012,10,24,"October"
919,2012,10,28,"October"
920,2012,10,29,"October"
921,2012,10,31,"October"
922,2012,11,2,"November"
923,2012,11,4,"November"
924,2012,11,7,"November"
925,2012,11,12,"November"
926,2012,11,14,"November"
927,2012,11,16,"November"
928,2012,11,17,"November"
929,2012,11,19,"November"
930,2012,11,26,"November"
931,2012,11,29,"November"
932,2012,12,3,"December"
933,2012,12,4,"December"
934,2012,12,5,"December"
935,2012,12,6,"December"
936,2012,12,7,"December"
937,2012,12,10,"December"
938,2012,12,13,"December"
939,2012,12,16,"December"
940,2012,12,19,"December"
941,2012,12,20,"December"
942,2012,12,24,"December"
943,2012,12,27,"December"
944,2013,1,2,"January"
945,2013,1,3,"January"
946,2013,1,5,"January"
947,2013,1,7,"January"
948,2013,1,8,"January"
949,2013,1,9,"January"
950,2013,1,10,"January"
951,2013,1,11,"January"
952,2013,1,12,"January"
953,2013,1,13,"January"
954,2013,1,15,"January"
955,2013,1,16,"January"
956,2013,1,17,"January"
957,2013,1,18,"January"
958,2013,1,21,"January"
959,2013,1,22,"January"
960,2013,1,24,"January"
961,2013,1,26,"January"
962,2013,1,29,"January"
963,2013,1,30,"January"
964,2013,1,31,"January"
965,2013,2,3,"February"
966,2013,2,5,"February"
967,2013,2,6,"February"
968,2013,2,7,"February"
969,2013,2,8,"February"
970,2013,2,13,"February"
971,2013,2,14,"February"
972,2013,2,15,"February"
973,2013,2,16,"February"
974,2013,2,18,"February"
975,2013,2,19,"February"
976,2013,2,20,"February"
977,2013,2,21,"February"
978,2013,2,22,"February"
979,2013,2,25,"February"
980,2013,2,26,"February"
981,2013,3,1,"March"
982,2013,3,3,"March"
983,2013,3,4,"March"
984,2013,3,5,"March"
985,2013,3,6,"March"
986,2013,3,7,"March"
987,2013,3,8,"March"
988,2013,3,9,"March"
989,2013,3,11,"March"
990,2013,3,12,"March"
991,2013,3,16,"March"
992,2013,3,18,"March"
993,2013,3,21,"March"
994,2013,3,22,"March"
995,2013,3,24,"March"
996,2013,3,25,"March"
997,2013,3,26,"March"
998,2013,3,27,"March"
999,2013,3,29,"March"
1000,2013,4,1,"April"
1001,2013,4,2,"April"
1002,2013,4,3,"April"
1003,2013,4,4,"April"
1004,2013,4,5,"April"
1005,2013,4,7,"April"
1006,2013,4,8,"April"
1007,2013,4,9,"April"
1008,2013,4,10,"April"
1009,2013,4,11,"April"
1010,2013,4,13,"April"
1011,2013,4,15,"April"
1012,2013,4,17,"April"
1013,2013,4,18,"April"
1014,2013,4,23,"April"
1015,2013,4,24,"April"
1016,2013,4,25,"April"
1017,2013,4,26,"April"
1018,2013,4,28,"April"
1019,2013,4,29,"April"
1020,2013,5,1,"May"
1021,2013,5,2,"May"
1022,2013,5,3,"May"
1023,2013,5,5,"May"
1024,2013,5,6,"May"
1025,2013,5,8,"May"
1026,2013,5,9,"May"
1027,2013,5,10,"May"
1028,2013,5,14,"May"
1029,2013,5,15,"May"
1030,2013,5,16,"May"
1031,2013,5,20,"May"
1032,2013,5,23,"May"
1033,2013,5,24,"May"
1034,2013,5,26,"May"
1035,2013,5,28,"May"
1036,2013,5,30,"May"
1037,2013,5,31,"May"
1038,2013,6,1,"June"
1039,2013,6,3,"June"
1040,2013,6,5,"June"
1041,2013,6,11,"June"
1042,2013,6,12,"June"
1043,2013,6,13,"June"
1044,2013,6,15,"June"
1045,2013,6,17,"June"
1046,2013,6,18,"June"
1047,2013,6,19,"June"
1048,2013,6,20,"June"
1049,2013,6,24,"June"
1050,2013,6,26,"June"
1051,2013,6,27,"June"
1052,2013,7,1,"July"
1053,2013,7,3,"July"
1054,2013,7,5,"July"
1055,2013,7,9,"July"
1056,2013,7,10,"July"
1057,2013,7,11,"July"
1058,2013,7,17,"July"
1059,2013,7,18,"July"
1060,2013,7,20,"July"
1061,2013,7,23,"July"
1062,2013,7,24,"July"
1063,2013,7,29,"July"
1064,2013,8,2,"August"
1065,2013,8,9,"August"
1066,2013,8,20,"August"
1067,2013,8,21,"August"
1068,2013,8,25,"August"
1069,2013,9,4,"September"
1070,2013,9,8,"September"
1071,2013,9,9,"September"
1072,2013,9,13,"September"
1073,2013,9,17,"September"
1074,2013,9,19,"September"
1075,2013,9,21,"September"
1076,2013,9,23,"September"
1077,2013,9,24,"September"
1078,2013,9,25,"September"
1079,2013,9,26,"September"
1080,2013,9,27,"September"
1081,2013,10,1,"October"
1082,2013,10,2,"October"
1083,2013,10,7,"October"
1084,2013,10,8,"October"
1085,2013,10,9,"October"
1086,2013,10,21,"October"
1087,2013,10,22,"October"
1088,2013,10,23,"October"
1089,2013,10,24,"October"
1090,2013,10,25,"October"
1091,2013,10,27,"October"
1092,2013,10,28,"October"
1093,2013,10,29,"October"
1094,2013,10,30,"October"
1095,2013,11,1,"November"
1096,2013,11,6,"November"
1097,2013,11,7,"November"
1098,2013,11,12,"November"
1099,2013,11,13,"November"
1100,2013,11,14,"November"
1101,2013,11,15,"November"
1102,2013,11,17,"November"
1103,2013,11,20,"November"
1104,2013,11,24,"November"
1105,2013,11,25,"November"
1106,2013,12,1,"December"
1107,2013,12,3,"December"
1108,2013,12,4,"December"
1109,2013,12,5,"December"
1110,2013,12,13,"December"
1111,2013,12,15,"December"
1112,2013,12,18,"December"
1113,2013,12,19,"December"
1114,2013,12,22,"December"
1115,2013,12,23,"December"
1116,2014,1,3,"January"
1117,2014,1,4,"January"
1118,2014,1,5,"January"
1119,2014,1,6,"January"
1120,2014,1,7,"January"
1121,2014,1,10,"January"
1122,2014,1,13,"January"
1123,2014,1,14,"January"
1124,2014,1,15,"January"
1125,2014,1,17,"January"
1126,2014,1,18,"January"
1127,2014,1,20,"January"
1128,2014,1,23,"January"
1129,2014,1,24,"January"
1130,2014,1,25,"January"
1131,2014,1,27,"January"
1132,2014,1,29,"January"
1133,2014,1,30,"January"
1134,2014,2,3,"February"
1135,2014,2,6,"February"
1136,2014,2,10,"February"
1137,2014,2,13,"February"
1138,2014,2,18,"February"
1139,2014,2,20,"February"
1140,2014,2,25,"February"
1141,2014,2,26,"February"
1142,2014,3,1,"March"
1143,2014,3,3,"March"
1144,2014,3,4,"March"
1145,2014,3,5,"March"
1146,2014,3,6,"March"
1147,2014,3,7,"March"
1148,2014,3,8,"March"
1149,2014,3,11,"March"
1150,2014,3,12,"March"
1151,2014,3,13,"March"
1152,2014,3,14,"March"
1153,2014,3,16,"March"
1154,2014,3,19,"March"
1155,2014,3,26,"March"
1156,2014,3,31,"March"
1157,2014,4,1,"April"
1158,2014,4,2,"April"
1159,2014,4,5,"April"
1160,2014,4,6,"April"
1161,2014,4,7,"April"
1162,2014,4,9,"April"
1163,2014,4,13,"April"
1164,2014,4,14,"April"
1165,2014,4,15,"April"
1166,2014,4,17,"April"
1167,2014,4,18,"April"
1168,2014,4,21,"April"
1169,2014,4,23,"April"
1170,2014,4,25,"April"
1171,2014,4,26,"April"
1172,2014,4,29,"April"
1173,2014,4,30,"April"
1174,2014,5,2,"May"
1175,2014,5,5,"May"
1176,2014,5,6,"May"
1177,2014,5,7,"May"
1178,2014,5,9,"May"
1179,2014,5,11,"May"
1180,2014,5,12,"May"
1181,2014,5,13,"May"
1182,2014,5,14,"May"
1183,2014,5,16,"May"
1184,2014,5,17,"May"
1185,2014,5,20,"May"
1186,2014,5,22,"May"
1187,2014,5,24,"May"
1188,2014,5,25,"May"
1189,2014,5,26,"May"
1190,2014,5,28,"May"
1191,2014,6,2,"June"
1192,2014,6,3,"June"
1193,2014,6,4,"June"
1194,2014,6,5,"June"
1195,2014,6,10,"June"
1196,2014,6,12,"June"
1197,2014,6,13,"June"
1198,2014,6,16,"June"
1199,2014,6,17,"June"
1200,2014,6,19,"June"
1201,2014,6,20,"June"
1202,2014,6,23,"June"
1203,2014,6,24,"June"
1204,2014,6,27,"June"
1205,2014,6,28,"June"
1206,2014,6,29,"June"
1207,2014,6,30,"June"
1208,2014,7,2,"July"
1209,2014,7,6,"July"
1210,2014,7,8,"July"
1211,2014,7,17,"July"
1212,2014,7,18,"July"
1213,2014,7,20,"July"
1214,2014,7,24,"July"
1215,2014,7,27,"July"
1216,2014,7,28,"July"
1217,2014,7,29,"July"
1218,2014,7,30,"July"
1219,2014,8,1,"August"
1220,2014,8,3,"August"
1221,2014,8,4,"August"
1222,2014,8,5,"August"
1223,2014,8,7,"August"
1224,2014,8,8,"August"
1225,2014,8,10,"August"
1226,2014,8,11,"August"
1227,2014,8,13,"August"
1228,2014,8,15,"August"
1229,2014,8,18,"August"
1230,2014,8,19,"August"
1231,2014,8,21,"August"
1232,2014,8,23,"August"
1233,2014,8,26,"August"
1234,2014,8,29,"August"
1235,2014,9,2,"September"
1236,2014,9,5,"September"
1237,2014,9,9,"September"
1238,2014,9,16,"September"
1239,2014,9,18,"September"
1240,2014,9,21,"September"
1241,2014,9,23,"September"
1242,2014,9,25,"September"
1243,2014,9,26,"September"
1244,2014,9,27,"September"
1245,2014,9,29,"September"
1246,2014,9,30,"September"
1247,2014,10,3,"October"
1248,2014,10,4,"October"
1249,2014,10,5,"October"
1250,2014,10,8,"October"
1251,2014,10,10,"October"
1252,2014,10,12,"October"
1253,2014,10,13,"October"
1254,2014,10,14,"October"
1255,2014,10,18,"October"
1256,2014,10,20,"October"
1257,2014,10,24,"October"
1258,2014,10,27,"October"
1259,2014,10,28,"October"
1260,2014,10,29,"October"
1261,2014,10,30,"October"
1262,2014,10,31,"October"
1263,2014,11,2,"November"
1264,2014,11,3,"November"
1265,2014,11,4,"November"
1266,2014,11,6,"November"
1267,2014,11,8,"November"
1268,2014,11,12,"November"
1269,2014,11,13,"November"
1270,2014,11,16,"November"
1271,2014,11,19,"November"
1272,2014,11,20,"November"
1273,2014,11,21,"November"
1274,2014,11,23,"November"
1275,2014,11,24,"November"
1276,2014,11,25,"November"
1277,2014,11,26,"November"
1278,2014,11,28,"November"
1279,2014,11,29,"November"
1280,2014,12,1,"December"
1281,2014,12,2,"December"
1282,2014,12,5,"December"
1283,2014,12,9,"December"
1284,2014,12,10,"December"
1285,2014,12,12,"December"
1286,2014,12,15,"December"
1287,2014,12,17,"December"
1288,2014,12,20,"December"
1289,2014,12,25,"December"
1290,2014,12,27,"December"
1291,2014,12,28,"December"
1292,2014,12,29,"December"
1293,2014,12,30,"December"
1294,2015,1,2,"January"
1295,2015,1,7,"January"
1296,2015,1,11,"January"
1297,2015,1,12,"January"
1298,2015,1,13,"January"
1299,2015,1,15,"January"
1300,2015,1,20,"January"
1301,2015,1,21,"January"
1302,2015,1,23,"January"
1303,2015,1,24,"January"
1304,2015,1,25,"January"
1305,2015,1,26,"January"
1306,2015,1,27,"January"
1307,2015,1,28,"January"
1308,2015,1,29,"January"
1309,2015,2,2,"February"
1310,2015,2,3,"February"
1311,2015,2,7,"February"
1312,2015,2,9,"February"
1313,2015,2,11,"February"
1314,2015,2,12,"February"
1315,2015,2,13,"February"
1316,2015,2,14,"February"
1317,2015,2,15,"February"
1318,2015,2,16,"February"
1319,2015,2,18,"February"
1320,2015,2,19,"February"
1321,2015,2,21,"February"
1322,2015,2,22,"February"
1323,2015,2,23,"February"
1324,2015,2,25,"February"
1325,2015,2,26,"February"
1326,2015,2,27,"February"
1327,2015,3,1,"March"
1328,2015,3,3,"March"
1329,2015,3,4,"March"
1330,2015,3,5,"March"
1331,2015,3,6,"March"
1332,2015,3,7,"March"
1333,2015,3,8,"March"
1334,2015,3,9,"March"
1335,2015,3,10,"March"
1336,2015,3,11,"March"
1337,2015,3,12,"March"
1338,2015,3,13,"March"
1339,2015,3,15,"March"
1340,2015,3,16,"March"
1341,2015,3,18,"March"
1342,2015,3,19,"March"
1343,2015,3,22,"March"
1344,2015,3,24,"March"
1345,2015,3,25,"March"
1346,2015,3,26,"March"
1347,2015,3,27,"March"
1348,2015,3,29,"March"
1349,2015,3,30,"March"
1350,2015,3,31,"March"
1351,2015,4,1,"April"
1352,2015,4,4,"April"
1353,2015,4,6,"April"
1354,2015,4,7,"April"
1355,2015,4,8,"April"
1356,2015,4,9,"April"
1357,2015,4,11,"April"
1358,2015,4,12,"April"
1359,2015,4,13,"April"
1360,2015,4,14,"April"
1361,2015,4,15,"April"
1362,2015,4,16,"April"
1363,2015,4,18,"April"
1364,2015,4,21,"April"
1365,2015,4,22,"April"
1366,2015,4,23,"April"
1367,2015,4,24,"April"
1368,2015,4,25,"April"
1369,2015,4,27,"April"
1370,2015,4,29,"April"
1371,2015,4,30,"April"
1372,2015,5,2,"May"
1373,2015,5,5,"May"
1374,2015,5,6,"May"
1375,2015,5,7,"May"
1376,2015,5,8,"May"
1377,2015,5,9,"May"
1378,2015,5,10,"May"
1379,2015,5,11,"May"
1380,2015,5,12,"May"
1381,2015,5,13,"May"
1382,2015,5,15,"May"
1383,2015,5,18,"May"
1384,2015,5,19,"May"
1385,2015,5,22,"May"
1386,2015,5,25,"May"
1387,2015,5,26,"May"
1388,2015,5,27,"May"
1389,2015,5,30,"May"
1390,2015,6,1,"June"
1391,2015,6,3,"June"
1392,2015,6,4,"June"
1393,2015,6,5,"June"
1394,2015,6,9,"June"
1395,2015,6,10,"June"
1396,2015,6,11,"June"
1397,2015,6,14,"June"
1398,2015,6,16,"June"
1399,2015,6,18,"June"
1400,2015,6,19,"June"
1401,2015,6,22,"June"
1402,2015,6,23,"June"
1403,2015,6,24,"June"
1404,2015,6,25,"June"
1405,2015,6,28,"June"
1406,2015,6,29,"June"
1407,2015,7,1,"July"
1408,2015,7,2,"July"
1409,2015,7,4,"July"
1410,2015,7,7,"July"
1411,2015,7,8,"July"
1412,2015,7,9,"July"
1413,2015,7,13,"July"
1414,2015,7,19,"July"
1415,2015,7,22,"July"
1416,2015,7,29,"July"
1417,2015,7,30,"July"
1418,2015,8,4,"August"
1419,2015,8,9,"August"
1420,2015,8,10,"August"
1421,2015,8,11,"August"
1422,2015,8,13,"August"
1423,2015,8,15,"August"
1424,2015,8,16,"August"
1425,2015,8,17,"August"
1426,2015,8,19,"August"
1427,2015,8,20,"August"
1428,2015,8,21,"August"
1429,2015,8,22,"August"
1430,2015,8,24,"August"
1431,2015,8,27,"August"
1432,2015,8,29,"August"
1433,2015,9,2,"September"
1434,2015,9,3,"September"
1435,2015,9,5,"September"
1436,2015,9,9,"September"
1437,2015,9,10,"September"
1438,2015,9,13,"September"
1439,2015,9,15,"September"
1440,2015,9,16,"September"
1441,2015,9,18,"September"
1442,2015,9,22,"September"
1443,2015,9,25,"September"
1444,2015,9,29,"September"
1445,2015,10,1,"October"
1446,2015,10,3,"October"
1447,2015,10,4,"October"
1448,2015,10,7,"October"
1449,2015,10,8,"October"
1450,2015,10,9,"October"
1451,2015,10,13,"October"
1452,2015,10,16,"October"
1453,2015,10,19,"October"
1454,2015,10,21,"October"
1455,2015,10,22,"October"
1456,2015,10,23,"October"
1457,2015,10,29,"October"
1458,2015,11,2,"November"
1459,2015,11,4,"November"
1460,2015,11,11,"November"
1461,2015,11,12,"November"
1462,2015,11,15,"November"
1463,2015,11,18,"November"
1464,2015,11,21,"November"
1465,2015,11,23,"November"
1466,2015,12,2,"December"
1467,2015,12,8,"December"
1468,2015,12,9,"December"
1469,2015,12,22,"December"
1470,2015,12,26,"December"
1471,2015,12,28,"December"
1472,2015,12,29,"December"
1473,2015,12,30,"December"
1474,2015,12,31,"December"
1475,2016,1,4,"January"
1476,2016,1,6,"January"
1477,2016,1,10,"January"
1478,2016,1,15,"January"
1479,2016,1,17,"January"
1480,2016,1,18,"January"
1481,2016,1,19,"January"
1482,2016,1,20,"January"
1483,2016,1,21,"January"
1484,2016,1,22,"January"
1485,2016,1,23,"January"
1486,2016,1,26,"January"
1487,2016,1,27,"January"
1488,2016,1,28,"January"
1489,2016,2,2,"February"
1490,2016,2,3,"February"
1491,2016,2,4,"February"
1492,2016,2,7,"February"
1493,2016,2,8,"February"
1494,2016,2,9,"February"
1495,2016,2,11,"February"
1496,2016,2,13,"February"
1497,2016,2,15,"February"
1498,2016,2,19,"February"
1499,2016,2,22,"February"
1500,2016,2,23,"February"
1501,2016,2,24,"February"
1502,2016,2,26,"February"
1503,2016,2,29,"February"
1504,2016,3,2,"March"
1505,2016,3,4,"March"
1506,2016,3,6,"March"
1507,2016,3,7,"March"
1508,2016,3,8,"March"
1509,2016,3,9,"March"
1510,2016,3,10,"March"
1511,2016,3,13,"March"
1512,2016,3,14,"March"
1513,2016,3,17,"March"
1514,2016,3,18,"March"
1515,2016,3,19,"March"
1516,2016,3,21,"March"
1517,2016,3,23,"March"
1518,2016,3,25,"March"
1519,2016,3,26,"March"
1520,2016,3,27,"March"
1521,2016,3,28,"March"
1522,2016,3,31,"March"
1523,2016,4,1,"April"
1524,2016,4,5,"April"
1525,2016,4,6,"April"
1526,2016,4,7,"April"
1527,2016,4,9,"April"
1528,2016,4,13,"April"
1529,2016,4,16,"April"
1530,2016,4,18,"April"
1531,2016,4,19,"April"
1532,2016,4,20,"April"
1533,2016,4,22,"April"
1534,2016,4,23,"April"
1535,2016,4,25,"April"
1536,2016,4,26,"April"
1537,2016,4,28,"April"
1538,2016,4,29,"April"
1539,2016,5,5,"May"
1540,2016,5,13,"May"
1541,2016,5,15,"May"
1542,2016,5,17,"May"
1543,2016,5,19,"May"
1544,2016,5,21,"May"
1545,2016,5,23,"May"
1546,2016,5,28,"May"
1547,2016,5,29,"May"
1548,2016,5,31,"May"
1549,2016,6,3,"June"
1550,2016,6,5,"June"
1551,2016,6,6,"June"
1552,2016,6,7,"June"
1553,2016,6,9,"June"
1554,2016,6,10,"June"
1555,2016,6,16,"June"
1556,2016,6,20,"June"
1557,2016,6,21,"June"
1558,2016,6,22,"June"
1559,2016,6,23,"June"
1560,2016,6,24,"June"
1561,2016,6,25,"June"
1562,2016,6,27,"June"
1563,2016,6,30,"June"
1564,2016,7,1,"July"
1565,2016,7,6,"July"
1566,2016,7,10,"July"
1567,2016,7,13,"July"
1568,2016,7,14,"July"
1569,2016,7,18,"July"
1570,2016,7,20,"July"
1571,2016,7,21,"July"
1572,2016,7,22,"July"
1573,2016,7,26,"July"
1574,2016,7,27,"July"
1575,2016,7,28,"July"
1576,2016,8,1,"August"
1577,2016,8,2,"August"
1578,2016,8,4,"August"
1579,2016,8,7,"August"
1580,2016,8,8,"August"
1581,2016,8,15,"August"
1582,2016,8,16,"August"
1583,2016,8,17,"August"
1584,2016,8,19,"August"
1585,2016,8,21,"August"
1586,2016,8,22,"August"
1587,2016,8,24,"August"
1588,2016,8,29,"August"
1589,2016,8,30,"August"
1590,2016,9,1,"September"
1591,2016,9,2,"September"
1592,2016,9,3,"September"
1593,2016,9,6,"September"
1594,2016,9,7,"September"
1595,2016,9,9,"September"
1596,2016,9,10,"September"
1597,2016,9,15,"September"
1598,2016,9,19,"September"
1599,2016,9,20,"September"
1600,2016,9,21,"September"
1601,2016,9,28,"September"
1602,2016,9,30,"September"
1603,2016,10,4,"October"
1604,2016,10,5,"October"
1605,2016,10,10,"October"
1606,2016,10,11,"October"
1607,2016,10,12,"October"
1608,2016,10,14,"October"
1609,2016,10,15,"October"
1610,2016,10,16,"October"
1611,2016,10,17,"October"
1612,2016,10,18,"October"
1613,2016,10,19,"October"
1614,2016,10,24,"October"
1615,2016,10,25,"October"
1616,2016,10,26,"October"
1617,2016,10,27,"October"
1618,2016,10,31,"October"
1619,2016,11,2,"November"
1620,2016,11,10,"November"
1621,2016,11,11,"November"
1622,2016,11,14,"November"
1623,2016,11,15,"November"
1624,2016,11,17,"November"
1625,2016,11,22,"November"
1626,2016,11,27,"November"
1627,2016,11,28,"November"
1628,2016,11,30,"November"
1629,2016,12,1,"December"
1630,2016,12,3,"December"
1631,2016,12,5,"December"
1632,2016,12,7,"December"
1633,2016,12,8,"December"
1634,2016,12,11,"December"
1635,2016,12,13,"December"
1636,2016,12,14,"December"
1637,2016,12,15,"December"
1638,2016,12,19,"December"
1639,2016,12,20,"December"
1640,2016,12,21,"December"
1641,2016,12,24,"December"
1642,2016,12,26,"December"
1643,2016,12,27,"December"
1644,2016,12,29,"December"
1645,2017,1,2,"January"
1646,2017,1,4,"January"
1647,2017,1,5,"January"
1648,2017,1,6,"January"
1649,2017,1,7,"January"
1650,2017,1,9,"January"
1651,2017,1,10,"January"
1652,2017,1,11,"January"
1653,2017,1,12,"January"
1654,2017,1,13,"January"
1655,2017,1,16,"January"
1656,2017,1,18,"January"
1657,2017,1,19,"January"
1658,2017,1,22,"January"
1659,2017,1,23,"January"
1660,2017,1,24,"January"
1661,2017,1,25,"January"
1662,2017,1,26,"January"
1663,2017,1,28,"January"
1664,2017,1,31,"January"
1665,2017,2,1,"February"
1666,2017,2,7,"February"
1667,2017,2,9,"February"
1668,2017,2,12,"February"
1669,2017,2,13,"February"
1670,2017,2,15,"February"
1671,2017,2,16,"February"
1672,2017,2,17,"February"
1673,2017,2,22,"February"
1674,2017,2,23,"February"
1675,2017,2,26,"February"
1676,2017,3,1,"March"
1677,2017,3,2,"March"
1678,2017,3,3,"March"
1679,2017,3,6,"March"
1680,2017,3,7,"March"
1681,2017,3,13,"March"
1682,2017,3,15,"March"
1683,2017,3,16,"March"
1684,2017,3,17,"March"
1685,2017,3,22,"March"
1686,2017,3,24,"March"
1687,2017,3,27,"March"
1688,2017,3,30,"March"
1689,2017,3,31,"March"
1690,2017,4,3,"April"
1691,2017,4,4,"April"
1692,2017,4,5,"April"
1693,2017,4,11,"April"
1694,2017,4,12,"April"
1695,2017,4,13,"April"
1696,2017,4,14,"April"
1697,2017,4,17,"April"
1698,2017,4,19,"April"
1699,2017,4,25,"April"
1700,2017,4,27,"April"
1701,2017,4,28,"April"
1702,2017,5,1,"May"
1703,2017,5,2,"May"
1704,2017,5,3,"May"
1705,2017,5,5,"May"
1706,2017,5,9,"May"
1707,2017,5,15,"May"
1708,2017,5,17,"May"
1709,2017,5,18,"May"
1710,2017,5,19,"May"
1711,2017,5,23,"May"
1712,2017,5,31,"May"
1713,2017,6,5,"June"
1714,2017,6,7,"June"
1715,2017,6,10,"June"
1716,2017,6,12,"June"
1717,2017,6,15,"June"
1718,2017,6,19,"June"
1719,2017,6,20,"June"
1720,2017,6,22,"June"
1721,2017,6,29,"June"
1722,2017,6,30,"June"
1723,2017,7,5,"July"
1724,2017,7,11,"July"
1725,2017,7,13,"July"
1726,2017,7,16,"July"
1727,2017,7,20,"July"
1728,2017,7,21,"July"
1729,2017,7,25,"July"
1730,2017,7,26,"July"
1731,2017,7,27,"July"
1732,2017,7,28,"July"
1733,2017,8,2,"August"
1734,2017,8,3,"August"
1735,2017,8,5,"August"
1736,2017,8,6,"August"
1737,2017,8,7,"August"
1738,2017,8,9,"August"
1739,2017,8,10,"August"
1740,2017,8,15,"August"
1741,2017,8,16,"August"
1742,2017,8,22,"August"
1743,2017,8,24,"August"
1744,2017,8,30,"August"
1745,2017,8,31,"August"
1746,2018,1,24,"January"
1747,2018,12,27,"December"
